Ranking,University Name,Country,Website,Address,Year of foundation,Source
1,Harvard University,USA,http://www.harvard.edu,"Harvard University, Cambridge, Massachusetts 02138-3800, United States of America",1636,
2,Stanford University,USA,http://www.stanford.edu,450 Serra Mall,1885,
3,University of Cambridge,UK,http://www.cam.ac.uk,"The Old Schools, Trinity Lane",1318,
4,Massachusetts Institute of Technology (MIT),USA,http://web.mit.edu/,77 Massachusetts Avenue,1861,
5,"University of California, Berkeley",USA,http://berkeley.edu/,"University of California, Berkeley, Berkeley, California 94720-0001, United States of America",1868,
6,Princeton University,USA,http://www.princeton.edu,"Princeton University, Princeton, New Jersey 08544-1098, United States of America",1746,
7,University of Oxford,UK,http://www.ox.ac.uk,Wellington Square,1096,
8,Columbia University,USA,http://www.columbia.edu,116th Street and Broadway,1754,
9,California Institute of Technology,USA,http://www.caltech.edu/,1200 East California Boulevard,1891,
10,University of Chicago,USA,http://www.uchicago.edu/,"1101 East 58th Street, Chicago, IL 60637",1890,
11,Yale University,USA,http://www.yale.edu,"Yale University, New Haven, Connecticut 06520, United States of America",1701,
12,"University of California, Los Angeles",USA,http://www.ucla.edu,405 Hilgard Avenue,1919,
13,University of Washington,USA,http://www.washington.edu/,Seattle WA 98195,1861,
14,Cornell University,USA,http://www.cornell.edu,"Cornell University, Ithaca, N.Y. 14853-0001, United States of America",1865,
15,"University of California, San Diego",USA,http://www.ucsd.edu,9500 Gilman Drive,1960,
16,University College London,UK,http://www.ucl.ac.uk,Gower Street,1826,
17,University of Pennsylvania,USA,http://www.upenn.edu/,"1 College Hall, Room 100",1740,
18,Johns Hopkins University,USA,http://www.jhu.edu,"The Johns Hopkins University, Charles & 34th Street, Baltimore, Maryland 21218-2680, United States of America",1876,
19,Swiss Federal Institute of Technology Zurich,Switzerland,http://www.ethz.ch,Ramistrasse 101,1855,
20,Washington University in St. Louis,USA,http://www.wustl.edu,"ashington University in St. Louis, One Brookings Drive, St. Louis, Missouri 63130-4899, United States of America",1853,
21,"University of California, San Francisco",USA,http://www.ucsf.edu,"University of California, San Francisco, Mu 200 West, 500 Parnassus Avenue, San Francisco, California 94143-0402, United States of America",1868,
22,Northwestern University,USA,http://www.northwestern.edu,"Northwestern University, 633 Clark Street, Evanston, Illinois 60208-3854, United States of America",1851,
23,University of Toronto,Canada,http://www.utoronto.ca,"27 King's College Circle, Room 206, Simcoe Hall",1827,
24,The University of Tokyo,Japan,http://www.u-tokyo.ac.jp,"Tokyo Daigaku, 7-3-1 Hongo, Bunkyo-ku, Tokyo 113-8654, Japan",1877,
24,University of Michigan-Ann Arbor,USA,http://umich.edu,500 S. State Street,1817,
26,Duke University,USA,http://www.duke.edu,"Duke University, 207 Allen Building, Box 90001, Durham, North Carolina 27708-0001, United States of America",1838,
27,Imperial College London,UK,http://www3.imperial.ac.uk/,South Kensington,1907,
28,University of Wisconsin - Madison,USA,http://www.wisc.edu/,161 Bascom Hall 500 Lincoln Drive,1848,
29,New York University,USA,http://www.nyu.edu,"New York University, 70 Washington Square South, New York, N.Y. 10012-1092, United States of America",1831,
30,University of Copenhagen,Denmark,http://www.ku.dk/english,"University of Copenhagen, Nørregade 10, 1165 København K, Denmark",1479,
31,University of British Columbia,Canada,http://www.ubc.ca,2329 West Mall,1915,
32,The University of Edinburgh,UK,http://www.ed.ac.uk,"Old College, South Bridge",1583,
33,University of North Carolina at Chapel Hill,USA,http://www.unc.edu,"University of North Carolina at Chapel Hill, Chapel Hill, North Carolina 27599-0001, United States of America",1789,
34,"University of Minnesota, Twin Cities",USA,http://twin-cities.umn.edu/,100 Church St. SE,1851,
35,Kyoto University,Japan,http://www.kyoto-u.ac.jp/index-e.html,"Kyoto Daigaku, Yoshida-Honmachi, Sakyo-ku, Kyoto-shi, Kyoto 606-8501, Japan",1897,
36,Rockefeller University,USA,http://www.rockefeller.edu,"Rockefeller University, 1230 York Avenue, New York, N.Y. 10021-6399, United States of America",1901,
37,University of Illinois at Urbana-Champaign,USA,http://illinois.edu,601 E. John Street,1867,
38,The University of Manchester,UK,http://www.manchester.ac.uk,Oxford Road,1851,
39,The University of Melbourne,Australia,http://www.unimelb.edu.au,Parkville,1853,
40,Pierre and Marie Curie University - Paris 6,France,http://www.upmc.fr,"4, Place Jussieu",1971,
41,University of Paris-Sud (Paris 11),France,http://www.u-psud.fr,15 rue Georges Clémenceau,1971,
42,Heidelberg University,Germany,http://www.uni-heidelberg.de,Grabengasse 1,1386,
43,University of Colorado at Boulder,USA,http://www.colorado.edu/,914 Broadway,1876,
44,Karolinska Institute,Sweden,http://www.ki.se,Nobels Väg 6,1810,
45,"University of California, Santa Barbara",USA,http://www.ucsb.edu,University of California,1909,
46,King's College London,UK,http://www.kcl.ac.uk/,Strand,1829,
47,Utrecht University,Netherlands,http://www.uu.nl,P.O. Box 80125,1636,
48,The University of Texas Southwestern Medical Center at Dallas,USA,http://www.swmed.edu,"The University of Texas Southwestern Medical Center at Dallas, 5323 Harry Hines Boulevard, Dallas, Texas 75390-9002, United States of America",1943,
48,Tsinghua University,China,http://www.tsinghua.edu.cn,"1 Qinghuayuan, Haidai District,",1911,
50,Technical University Munich,Germany,http://www.tum.de,Arcisstrasse 21,1868,
51,The University of Texas at Austin,USA,http://www.utexas.edu,"The University of Texas at Austin, University Station, Austin, Texas 78712-1111, United States of America",1883,
52,Vanderbilt University,USA,http://www.vanderbilt.edu,2305 West End Avenue,1873,
53,"University of Maryland, College Park",USA,http://www.umd.edu,"University of Maryland College Park, College Park, Maryland 20742-0001, United States of America",1856,
54,University of Southern California,USA,http://www.usc.edu/,University Park,1880,
55,The University of Queensland,Australia,http://www.uq.edu.au,"The University of Queensland, St Lucia, Queensland 4072, Australia",1910,
56,University of Helsinki,Finland,http://https://www.helsinki.fi/en,P.O.Box 3 (Fabianinkatu 33),1640,
57,University of Munich,Germany,http://www.en.lmu.de,Geschwister-Scholl-Platz 1,1472,
58,University of Zurich,Switzerland,http://www.uzh.ch,Rämistrasse 71,1833,
59,University of Groningen,Netherlands,http://www.rug.nl,PO Box 72,1614,
60,University of Geneva,Switzerland,http://www.unige.ch/,24 rue du Général-Dufour,1559,
61,University of Bristol,UK,http://www.bristol.ac.uk,"Senate House, Tyndall Avenue,",1909,
62,University of Oslo,Norway,http://www.uio.no,POBox 1072 Blindern,1811,
63,Uppsala University,Sweden,http://www.uu.se,S:t Olofsgatan 10 B,1477,
64,"University of California, Irvine",USA,http://www.uci.edu,"University of California, Irvine, Campus Drive, Irvine, California 92697-0001, United States of America",1965,
65,Aarhus University,Denmark,http://www.au.dk/en,Nordre Ringgade 1,1928,
66,McMaster University,Canada,http://www.mcmaster.ca,1280 Main Street East,1887,
67,McGill University,Canada,http://www.mcgill.ca,"McGill University, 845 Sherbrooke Street West, Suite 506, Montreal, Quebec H3A 2T5, Canada",1821,
68,"University of Pittsburgh, Pittsburgh Campus",USA,http://www.pitt.edu,4200 Fifth Avenue,1787,
69,Ecole Normale Superieure - Paris,France,http://www.ens.fr/,"École normale supérieure, 45, rue d’Ulm, 75230 Paris Cedex 05, France",1794,
69,Ghent University,Belgium,http://www.ugent.be,Sint-Pietersnieuwstraat 25,1817,
71,Mayo Medical School,USA,http://www.mayo.edu/mms,"Mayo Medical School, 200 First Street, Southwest, Rochester, Minnesota 55905-0001, United States of America",1971,
71,Peking University,China,http://www.pku.edu.cn,"Peking University, 5 Yiheyyuan Road, Haidan District, Beijing 100871, China",1898,
73,Erasmus University Rotterdam,Netherlands,https://www.eur.nl/english/,"Erasmus University Rotterdam, Burgemeester Oudlaan 50, 3062 PA Rotterdam, The Netherlands",1913,
74,Rice University,USA,http://www.rice.edu,"Rice University, PO Box 1892, 6100 S. Main, Houston, Texas 77251-1892, United States of America",1891,
74,Stockholm University,Sweden,http://www.su.se/english/,Universitetsvägen 10 A,1878,
76,Swiss Federal Institute of Technology Lausanne,Switzerland,http://www.epfl.ch,"Ecole Polytechnique Fédérale de Lausanne, CH 1015 Lausanne Vaud, Switzerland",1853,
77,Purdue University - West Lafayette,USA,http://www.purdue.edu,610 Purdue Mall,1869,
78,Monash University,Australia,http://www.monash.edu.au/,Wellington Road,1958,
79,"Rutgers, The State University of New Jersey - New Brunswick",USA,http://newbrunswick.rutgers.edu,83 Somerset Street,1766,
80,Boston University,USA,http://www.bu.edu,One Silber Way,1869,
80,Carnegie Mellon University,USA,http://www.cmu.edu,5000 Forbes Avenue,1900,
80,The Ohio State University - Columbus,USA,http://www.osu.edu,"Student Academic Services Building, 281 W. Lane Ave.",1870,
83,University of Sydney,Australia,http://sydney.edu.au,"University of Sydney, Building A14, Sydney, New South Wales 2006, Australia",1850,
84,Nagoya University,Japan,http://www.nagoya-u.ac.jp,"Nagoya Daigaku, Furo-cho, Chikusa-ku, Nagoya-shi, Aichi 464-8601, Japan",1871,
85,Georgia Institute of Technology,USA,http://www.gatech.edu,225 North Avenue,1885,
85,Pennsylvania State University - University Park,USA,http://www.psu.edu,201 Old Main,1855,
85,"University of California, Davis",USA,http://www.ucdavis.edu,1 Shields Avenue,1908,
88,Leiden University,Netherlands,http://www.leiden.edu/,Rapenburg 70,1575,
88,University of Florida,USA,http://www.ufl.edu/,201 Criser Hall,1853,
90,KU Leuven,Belgium,http://www.kuleuven.be,Oude Markt 13 / Bus 5005,1425,
91,National University of Singapore,Singapore,http://www.nus.edu.sg/,21 Lower Kent Ridge Road,1905,
91,The University of Western Australia,Australia,http://www.uwa.edu.au,35 Stirling Highway,1911,
93,Moscow State University,Russia,http://www.msu.ru,"Moskovskij Gosudarstvennyj Universitet im. M.V. Lomonosova, Leninskie Gory, Moscow 119992, Russian Federation",1755,
93,Technion-Israel Institute of Technology,Israel,http://www.technion.ac.il,Technion City,1924,
95,University of Basel,Switzerland,http://www.unibas.ch,Petersplatz 1,1460,
95,University of Goettingen,Germany,http://www.uni-goettingen.de,Wilhelmsplatz 1,1737,
97,The Australian National University,Australia,http://www.anu.edu.au/,Acton,1946,
98,"University of California, Santa Cruz",USA,http://www.ucsc.edu/,1156 High Street,1965,
99,Cardiff University,UK,http://www.cardiff.ac.uk,Cardiff University,1883,
99,University of Arizona,USA,http://www.arizona.edu,"University of Arizona, PO Box 210066, Tucson, Arizona 85721, United States of America",1885,
101-150,Aix Marseille University,France,http://www.univ-amu.fr,"Jardin du Pharo, 58 bd Charles Livon",,
101-150,Arizona State University,USA,http://www.asu.edu,"Undergraduate Admissions, Arizona State University, PO Box 870112",1885,
101-150,Baylor College of Medicine,USA,http://www.bcm.edu,"Baylor College of Medicine, One Baylor Plaza, Houston, Texas 77030-3498, United States of America",1900,
101-150,Brown University,USA,http://www.brown.edu,"Brown University, 1, Prospect Street, Providence, Rhode Island 02912-9127, United States of America",1764,
101-150,Case Western Reserve University,USA,http://www.case.edu,10900 Euclid Avenue,1826,
101-150,Catholic University of Louvain,Belgium,http://https://uclouvain.be/en/index.html,"Place de l'Université, 1",1425,
101-150,Emory University,USA,http://www.emory.edu,201 Dowman Drive,1836,
101-150,Fudan University,China,http://www.fudan.edu.cn,220 Handan Road,1905,
101-150,Icahn School of Medicine at Mount Sinai,USA,http://www.mssm.edu/,"Mount Sinai School of Medicine, Manhattan, New York City, New York, USA",1963,
101-150,Indiana University Bloomington,USA,http://www.iub.edu/,107 South Indiana Avenue,1820,
101-150,King Abdulaziz University,SaudiArabia,http://www.kau.edu.sa,Abdullah Alsulaiman St.,,
101-150,King Saud University,SaudiArabia,http://www.ksu.edu.sa,King Abdulla St,1957,
101-150,Lund University,Sweden,http://www.lunduniversity.lu.se/,Paradisgatan 2,1666,
101-150,Michigan State University,USA,http://www.msu.edu,"Michigan State University, East Lansing, Michigan 48824, United States of America",1855,
101-150,Nanyang Technological University,Singapore,http://www.ntu.edu.sg,"Nanyang Technological University, Nanyang Avenue, Singapore 639798, Singapore",1981,
101-150,Norwegian University of Science and Technology - NTNU,Norway,http://www.ntnu.edu/,Høgskoleringen 1,1968,
101-150,Osaka University,Japan,http://www.osaka-u.ac.jp/en/index.html,Yamadaoka 1-1,1931,
101-150,Radboud University Nijmegen,Netherlands,http://www.ru.nl,Comeniuslaan 4,1923,
101-150,Seoul National University,SouthKorea,http://www.snu.ac.kr,"Seoul National University, San 56-1, Sillim-dong, Gwanak-gu, Seoul 151-742, Korea, Republic of",1946,
101-150,Shanghai Jiao Tong University,China,http://www.sjtu.edu.cn/,800 Dongchuan Road,1896,
101-150,Texas A&M University,USA,http://tamu.edu,George Bush Drive,1876,
101-150,The Hebrew University of Jerusalem,Israel,http://www.huji.ac.il/,Mount Scopus,1925,
101-150,The University of Adelaide,Australia,http://www.adelaide.edu.au,North Terrace,1874,
101-150,The University of Glasgow,UK,http://www.gla.ac.uk/,University Avenue,1451,
101-150,The University of Hong Kong,China-hk,http://www.hku.hk,Pokfulam Road,1911,
101-150,The University of New South Wales,Australia,http://www.unsw.edu.au,High St,1949,
101-150,The University of Sheffield,UK,http://www.sheffield.ac.uk,Western Bank,1905,
101-150,The University of Texas M. D. Anderson Cancer Center,USA,http://mdanderson.org/,"The University of Texas M. D. Anderson Cancer Center, 1515 Holcombe Blvd, Houston, TX 77030, USA",1941,
101-150,Tohoku University,Japan,http://www.tohoku.ac.jp/english/,"2-1-1 Katahira, Aoba-ku",1907,
101-150,University of Alberta,Canada,http://www.ualberta.ca/,"University of Alberta - Office of Public Affairs, 6th floor, General Services Building, University of Alberta",1908,
101-150,University of Amsterdam,Netherlands,http://www.uva.nl/en/home,Spui 21,1632,
101-150,University of Bern,Switzerland,http://www.unibe.ch,"Universität Bern, Hochschulstrasse 4, 3012 Bern, Switzerland",1528,
101-150,University of Birmingham,UK,http://www.birmingham.ac.uk,Edgbaston Park Road,1900,
101-150,University of Bonn,Germany,http://www3.uni-bonn.de/,Regina-Pacis-Weg 3,1818,
101-150,University of Frankfurt,Germany,http://www.uni-frankfurt.de,"Johann Wolfgang Goethe-Universität Frankfurt am Main, PO Box 111932, Senckenberganlage 31, 60054 Frankfurt am Main, Germany",1914,
101-150,University of Freiburg,Germany,http://www.uni-freiburg.de/,"Albert-Ludwigs-Universität Freiburg, Freiburg im Breisgau, Germany",1457,
101-150,University of Leeds,UK,http://www.leeds.ac.uk,"University of Leeds, EC Stoner Building, Leeds, LS2 9JT, United Kingdom",1904,
101-150,University of Liverpool,UK,http://www.liv.ac.uk/,Brownlow Hill,1881,
101-150,University of Nottingham,UK,http://www.nottingham.ac.uk/,"University of Nottingham, University Park, Nottingham, NG7 2RD, United Kingdom",1881,
101-150,University of Rochester,USA,http://www.rochester.edu,"University of Rochester, Rochester, N.Y. 14627, United States of America",1850,
101-150,University of Science and Technology of China,China,http://www.ustc.edu.cn,"No.96, JinZhai Road Baohe District",1958,
101-150,University of Southampton,UK,http://www.southampton.ac.uk,University Road,1862,
101-150,University of Strasbourg,France,http://www.unistra.fr,4 rue Blaise Pascal,1537,
101-150,University of Utah,USA,http://www.utah.edu,201 Presidents Circle,1850,
101-150,University of Wageningen,Netherlands,http://www.wur.nl,"Wageningen Universiteit en Researchcentrum, Postbus 9101, Costerweg 50, 6700 BH Wageningen, Netherlands",1876,
101-150,University of Warwick,UK,http://www.warwick.ac.uk,"University of Warwick, Coventry, CV4 8UW, United Kingdom",1965,
101-150,University Paris Diderot - Paris 7,France,http://www.univ-paris-diderot.fr,"5, rue Thomas Mann","12th,c",
101-150,VU University Amsterdam,Netherlands,http://www.vu.nl/en,De Boelelaan 1105,1880,
101-150,Weizmann Institute of Science,Israel,http://www.weizmann.ac.il,Herzl St. 2,1934,
101-150,Zhejiang University,China,http://www.zju.edu.cn,866 Yuhangtang Road,1897,
151-200,China Medical University (Taichung),China-tw,http://english.cmu.edu.tw,No.91 Hsueh-Shih Road,,
151-200,Curtin University,Australia,http://www.curtin.edu.au/,Kent Street,1987,
151-200,Delft University of Technology,Netherlands,http://www.tudelft.nl,"Technische Universiteit Delft, Postbus 5, 2600 AA Delft, Netherlands",1842,
151-200,Harbin Institute of Technology,China,http://www.hit.edu.cn,"Harbin Institute of Technology, 92 West Dazhi Street, Nangang District, Harbin, Heilongjiang Province 150001, China",1920,
151-200,Hokkaido University,Japan,http://https://www.global.hokudai.ac.jp,"Kita 8, Nishi 5, Kita-ku",1876,
151-200,London School of Economics and Political Science,UK,http://www.lse.ac.uk,Houghton Street,1895,
151-200,Macquarie University,Australia,http://www.mq.edu.au,"Macquarie University, Balaclava Road, North Ryde, Sydney, New South Wales 2109, Australia",1964,
151-200,National Taiwan University,China-tw,http://www.ntu.edu.tw,"No. 1, Sec. 4, Roosevelt Road,",1928,
151-200,Oregon State University,USA,http://www.oregonstate.edu,"Oregon State University, Corvallis, Oregon 97331, United States of America",1858,
151-200,Queen Mary University of London,UK,http://www.qmul.ac.uk/,Mile End Road,1887,
151-200,Sapienza University of Rome,Italy,http://www.uniroma1.it,"Piazzale Aldo Moro, 5",1303,
151-200,Sichuan University,China,http://www.scu.edu.cn,"No.24 South Section 1, Yihuan Road",1896,
151-200,Sun Yat-sen University,China,http://www.sysu.edu.cn,"No. 135, Xingang Xi Road",1924,
151-200,Technical University of Denmark,Denmark,http://www.dtu.dk,Anker Engelunds Vej 1,1829,
151-200,Tel Aviv University,Israel,http://www.tau.ac.il,"Universitat Tel Aviv, PO Box 39040, Ramat-Aviv 69978, Israel",1956,
151-200,The Chinese University of Hong Kong,China-hk,http://www.cuhk.edu.hk,Shatin,1963,
151-200,The University of Calgary,Canada,http://www.ucalgary.ca,2500 University Drive NW,1945,
151-200,Tokyo Institute of Technology,Japan,http://www.titech.ac.jp/,"2-12-1 Ookayama, Meguro-ku",1881,
151-200,Trinity College Dublin,Ireland,http://www.tcd.ie,College Green,1592,
151-200,TU Dresden,Germany,http://tu-dresden.de,Helmholtzstraße 10,1828,
151-200,Tufts University,USA,http://www.tufts.edu,"Ballou Hall, 2nd Floor",1852,
151-200,Université Grenoble Alpes,France,http://www.univ-grenoble-alpes.fr,"621, avenue Centrale, Domaine universitaire de St Martin d'Hères, CS 40700",2016,
151-200,Université libre de Bruxelles (ULB),Belgium,http://www.ulbruxelles.be,"avenue F.D. Roosevelt, 50 - CP 131",1834,
151-200,University of Bordeaux,France,http://www.u-bordeaux.fr/,"35, place Pey-Berland",,
151-200,"University of California, Riverside",USA,http://www.ucr.edu,900 University Ave.,1954,
151-200,University of Delaware,USA,http://www.udel.edu,"University of Delaware, Newark, Delaware 19716, United States of America",1743,
151-200,University of Erlangen-Nuremberg,Germany,http://www.fau.de,Schlossplatz 4,1743,
151-200,University of Exeter,UK,http://www.ex.ac.uk,Prince of Wales Road,1955,
151-200,University of Gothenburg,Sweden,http://www.gu.se,PO Box 100,1891,
151-200,University of Hamburg,Germany,http://www.uni-hamburg.de,"Universität Hamburg, Edmund-Siemers-Allee 1, 20146 Hamburg, Germany",1919,
151-200,University of Innsbruck,Austria,http://www.uibk.ac.at/,Innrain 52,1669,
151-200,University of Iowa,USA,http://www.uiowa.edu,"University of Iowa, Iowa City, Iowa 52242-0001, United States of America",1847,
151-200,University of Kiel,Germany,http://www.uni-kiel.de,"Christian-Albrechts-Universität zu Kiel, Christian-Albrechts-Platz 4, 24098 Kiel, Germany",1665,
151-200,University of Lausanne,Switzerland,http://www.unil.ch,"Université de Lausanne, Dorigny, CH 1015 Lausanne, Switzerland",1537,
151-200,University of Leipzig,Germany,http://www.uni-leipzig.de,"Universität Leipzig, PO Box 100920, Ritterstrasse 26, 04009 Leipzig, Saxony, Germany",1409,
151-200,University of Lisbon,Portugal,http://www.ulisboa.pt,"Alameda da Universidade, Cidade Universitária",1288,
151-200,University of Massachusetts Amherst,USA,http://www.umass.edu,"University of Massachusetts at Amherst, Amherst, Massachusetts 01003-0001, United States of America",1863,
151-200,University of Massachusetts Medical School - Worcester,USA,http://www.umassmed.edu,"University of Massachusetts Medical School, 55 Lake Avenue North, Worcester, Massachusetts 01655-0001, United States of America",1962,
151-200,University of Miami,USA,http://www.miami.edu,"University of Miami, PO Box 248105, 1540 Corniche Ave, Coral Gables, Florida 33146-4020, United States of America",1925,
151-200,University of Montreal,Canada,http://www.umontreal.ca/,"C.P. 6128, succursale Centre-ville",1878,
151-200,University of Muenster,Germany,http://www.uni-muenster.de/en/,Schlossplatz 2,1780,
151-200,University of Nebraska - Lincoln,USA,http://www.unl.edu,"University of Nebraska-Lincoln, 14th and R Streets, Lincoln, Nebraska 68588-0002, United States of America",1869,
151-200,University of Ottawa,Canada,http://www.uottawa.ca,75 Laurier Avenue East,1848,
151-200,University of Padua,Italy,http://www.unipd.it,"via 8 Febbraio, 2 - 35122",1222,
151-200,University of Paris Descartes (Paris 5),France,http://www.univ-paris5.fr,"Université Paris Descartes(Paris V), 12, rue de l’Ecole de Médecine, 75270 Paris Cédex 06, France","12th,c",
151-200,University of Sao Paulo,Brazil,http://www.usp.br,"Rua da Reitoria, 374",1934,
151-200,University of Tuebingen,Germany,http://www.uni-tuebingen.de,Geschwister-Scholl-Platz,1477,
151-200,University of Vienna,Austria,http://www.univie.ac.at,"University Wien, Dr.-Karl-Lueger-Ring 1, 1010 Wien, Vienna, Austria",1365,
151-200,University of Virginia,USA,http://www.virginia.edu/,Po Box 400775,1819,
151-200,University of Wuerzburg,Germany,http://www.uni-wuerzburg.de/,Sanderring 2,1402,
201-300,Aalborg University,Denmark,http://www.en.aau.dk/,Fredrik Bajers Vej 5,1974,
201-300,Beijing Normal University,China,http://www.bnu.edu.cn/,"No. 19, Xinjiekouwaidajie, Haidian District",1902,
201-300,Chalmers University of Technology,Sweden,http://www.chalmers.se,"Chalmers tekniska högskola, Gothenburg, Sweden",1829,
201-300,Charles University in Prague,Czech,http://www.cuni.cz/UKEN-1.html,Ovocny trh 560/5,1348,
201-300,City University of Hong Kong,China-hk,http://www.cityu.edu.hk,83 Tat Chee Avenue,1984,
201-300,Claude Bernard University Lyon 1,France,http://www.univ-lyon1.fr/,43 boulevard du 11 novembre 1918,1971,
201-300,Colorado State University,USA,http://www.colostate.edu,"Colorado State University, Fort Collins, Colorado 80523-0015, United States of America",1870,
201-300,Dartmouth College,USA,http://www.dartmouth.edu,207 Parkhurst Hall,1769,
201-300,Deakin University,Australia,http://www.deakin.edu.au/,1 Gheringhap Street,1974,
201-300,Drexel University,USA,http://www.drexel.edu,3141 Chestnut St.,1891,
201-300,Durham University,UK,http://www.durham.ac.uk,"The Palatine Centre, Stockton Road",1832,
201-300,Ecole Normale Superieure - Lyon,France,http://www.ens-lyon.eu,15 parvis René Descartes,1880,
201-300,Florida State University,USA,http://www.fsu.edu,"Florida State University, Tallahassee, Florida 32306-1037, United States of America",1857,
201-300,George Mason University,USA,http://www.gmu.edu,4400 University Drive,1972,
201-300,Georgetown University,USA,http://www.georgetown.edu,"Georgetown University, 37th and O Street, N.W., Washington, D.C. 20057-1947, United States of America",1789,
201-300,Hanyang University,SouthKorea,http://www.hanyang.ac.kr,"Hanyang University, 17 Haengdang-dong, Seongdong-gu, Seoul 133-791, Korea, Republic of",1939,
201-300,Huazhong University of Science and Technology,China,http://www.hust.edu.cn,1037 Luoyu Road,1952,
201-300,Iowa State University,USA,http://www.iastate.edu,"Iowa State University, 100 Alumni Hall, Ames, Iowa 50011, United States of America",1858,
201-300,Karlsruhe Institute of Technology (KIT),Germany,http://www.kit.edu/kit/english/index.php,"Karlsruhe, Baden-Württemberg, German",1825,
201-300,King Abdullah University of Science and Technology,SaudiArabia,,,,
201-300,Korea Advanced Institute of Science and Technology,SouthKorea,http://www.kaist.edu/,"Korea Advanced Institute of Science and Technology, Yuseong, Daejeon, South Korea",1971,
201-300,Korea University,SouthKorea,http://www.korea.ac.kr,"Korea University, 5-1 Anam-dong, Seongbuk-gu, Seoul 136-701, Korea, Republic of",1905,
201-300,KTH Royal Institute of Technology,Sweden,http://www.kth.se,Brinellvägen 8,1827,
201-300,Kyushu University,Japan,http://www.kyushu-u.ac.jp,"Kyushu Daigaku, 6-10-1 Hakozaki, Higashi-ku, Fukuoka 812-8581, Japan",1903,
201-300,Linkoping University,Sweden,http://www.liu.se,Campus Valla,1967,
201-300,London School of Hygiene & Tropical Medicine,UK,http://www.lshtm.ac.uk,Keppel Street,1899,
201-300,Maastricht University,Netherlands,http://www.maastrichtuniversity.nl,Minderbroedersberg 4-6,1976,
201-300,Medical University of South Carolina,USA,http://www.musc.edu/,"Charleston, South Carolina, USA",1824,
201-300,Medical University of Vienna,Austria,http://www.meduniwien.ac.at/,"Medizinische University Wien, Dr. Karl-Leer-Ring 1, Wien, Vienna, Austria",2004,
201-300,Nanjing University,China,http://www.nju.edu.cn,22 Hankoulu Road,1902,
201-300,National Autonomous University of Mexico,Mexico,http://www.unam.mx/,"Ciudad Universitaria, México, D.F. C.P. 04510",1910,
201-300,Newcastle University,UK,http://www.ncl.ac.uk/,King's Gate,1963,
201-300,North Carolina State University - Raleigh,USA,http://www.ncsu.edu,"North Carolina State University, Raleigh, North Carolina 27695-0001, United States of America",1887,
201-300,Northeastern University (Boston),USA,http://www.northeastern.edu,360 Huntington Ave,1898,
201-300,Oregon Health and Science University,USA,http://www.ohsu.edu,"Oregon Health and Science University, 3181 South West Sam Jackson Park Road, Portland, Oregon 97201-3098, United States of America",1974,
201-300,Paul Sabatier University (Toulouse 3),France,http://www.ups-tlse.fr/,"University Paul Sabatier (Toulouse III), 118, Route de Narbonne - F-31062 Toulouse cedex 9, France",1229,
201-300,Polytechnic Institute of Milan,Italy,http://www.polimi.it,piazza Leonardo da Vinci 32,1863,
201-300,Pompeu Fabra University,Spain,http://www.upf.edu,"Plaça de la Mercè, 10-12",1990,
201-300,Queen's University,Canada,http://www.queensu.ca,99 University Avenue,1841,
201-300,Queensland University of Technology,Australia,http://www.qut.edu.au,2 George Street,1989,
201-300,RWTH Aachen University,Germany,http://www.rwth-aachen.de,Templergraben 55,1870,
201-300,Soochow University (China),China,http://www.suda.edu.cn,No.1 Shizi Street,1900,
201-300,South China University of Technology,China,http://www.scut.edu.cn/,"Wushan RD.,Tianhe District,Guangzhou,P.R.China/Guangzhou Higher Education Mega Centre,Panyu District,Guangzhou,P.R.China",1952,
201-300,Southeast University,China,http://www.seu.edu.cn,中华人民共和国江苏省南京市江宁开发区东南大学路2号；211189,1902年,
201-300,Stony Brook University,USA,http://www.stonybrook.edu,Nicolls Road,1957,
201-300,Sungkyunkwan University,SouthKorea,http://www.skku.edu/eng_home/index.jsp,"25-2, Sungkyunkwan-ro, Jongno-gu",1398,
201-300,Swedish University of Agricultural Sciences,Sweden,http://www.slu.se,"Sveriges lantbruks universitet, PO Box 7070, SE-750 07 Uppsala, Sweden",1977,
201-300,The Hong Kong Polytechnic University,China-hk,http://www.polyu.edu.hk,"Hung Hom, Kowloon,",1937,
201-300,The Hong Kong University of Science and Technology,China-hk,http://www.ust.hk,"The Hong Kong University of Science and Technology, Clear Water Bay, Kowloon, Hong Kong, Hong Kong Special Administration Region, China - Hong Kong SAR",1991,
201-300,The University of Auckland,NewZealand,http://www.auckland.ac.nz,Private Bag 92019,1883,
201-300,The University of Dundee,UK,http://www.dundee.ac.uk,Nethergate,1967,
201-300,The University of Georgia,USA,http://www.uga.edu,220 South Jackson Street,1785,
201-300,The University of Reading,UK,http://www.reading.ac.uk/,"The University of Reading, PO Box 217, Whiteknights, Reading, RG6 6AH, United Kingdom",1892,
201-300,The University of Texas at Dallas,USA,http://www.utdallas.edu,"The University of Texas at Dallas, PO Box 830688, Richardson, Texas 75083-0688, United States of America",1969,
201-300,The University of Texas Health Science Center at San Antonio,USA,http://www.uthsca.edu,"The University of Texas Health Science Center at San Antonio, 7703 Floyd Curl Drive, San Antonio, Texas 78229-3900, United States of America",1976,
201-300,"University at Buffalo, the State University of New York",USA,http://www.buffalo.edu,3435 Main Street,1846,
201-300,University of Aberdeen,UK,http://www.abdn.ac.uk,"King's College, Old Aberdeen",1495,
201-300,University of Alabama at Birmingham,USA,http://www.uab.edu,1720 2nd Ave S,1966,
201-300,University of Antwerp,Belgium,http://www.uantwerp.be,Prinsstraat 13,2003,
201-300,University of Barcelona,Spain,http://www.ub.edu,"Gran Via de les Corts Catalanes, 585",1450,
201-300,University of Belgrade,Serbia,http://www.bg.ac.rs,Studentski trg 1,1808,
201-300,University of Bergen,Norway,http://www.uib.no/en,"Postboks 7800, NO-5020",1946,
201-300,University of Bochum,Germany,http://www.ruhr-uni-bochum.de,"Universität Bochum, Universität sstrasse 150, 44780 Bochum, Germany",1961,
201-300,University of Bologna,Italy,http://www.unibo.it,"Via Zamboni, 33",1088,
201-300,University of Buenos Aires,Argentina,http://www.uba.ar,"Universidad de Buenos Aires, Calle Viamonte 430/444, C1053ABH Buenos Aires, Capital Federal Argentina",1821,
201-300,University of Electronic Science and Technology of China,China,,,,
201-300,University of Granada,Spain,http://www.ugr.university/,"Cuesta del Hospicio, s/n",1531,
201-300,University of Hawaii at Manoa,USA,http://www.manoa.hawaii.edu,2500 Campus Rd,1907,
201-300,University of Houston,USA,http://www.uh.edu,4800 Calhoun Road,1927,
201-300,University of Illinois at Chicago,USA,http://www.uic.edu,601 S. Morgan St.,1982,
201-300,University of Jena,Germany,http://www.uni-jena.de,Fürstengraben 1,1548,
201-300,University of Kansas,USA,http://www.ku.edu/,"230 Strong Hall, 1450 Jayhawk Blvd.",1865,
201-300,University of Cologne,Germany,http://www.uni-koeln.de,"Universität zu Köln, Albertus-Magnus-Platz, 50923 Köln, Germany",1388,
201-300,University of Lorraine,France,http://www.uhp-nancy.fr/,"University of Lorraine, BP 60120, 24-30, rue Lionnois, 54003 Nancy Cedex, France",1970,
201-300,University of Mainz,Germany,http://www.uni-mainz.de,"Johannes Gutenberg-Universität Mainz, Saarstrasse 21, 55099 Mainz, Germany",1477,
201-300,"University of Maryland, Baltimore",USA,http://www.umaryland.edu,"University of Maryland Baltimore, 520 West Lombard Street, Baltimore, Maryland 21201-1627, United States of America",1807,
201-300,University of Milan,Italy,http://www.unimi.it/ENG/,via Festa del Perdono 7,1924,
201-300,University of Missouri - Columbia,USA,http://www.missouri.edu/,105 Jesse Hall,1839,
201-300,University of Montpellier,France,,,,
201-300,University of Notre Dame,USA,http://www.nd.edu,"University of Notre Dame, Notre Dame, Indiana 46556, United States of America",1842,
201-300,University of Oregon,USA,http://www.uoregon.edu,"University of Oregon, 5209 Univesity of Oregon, Eugene, Oregon 97403-5209United States of America",1876,
201-300,University of Pisa,Italy,http://www.unipi.it,"Lungarno Pacinotti, 43",1343,
201-300,University of South Florida,USA,http://www.usf.edu,4202 E. Fowler Avenue,1956,
201-300,University of Sussex,UK,http://www.sussex.ac.uk,Sussex House,1961,
201-300,University of Tasmania,Australia,http://www.utas.edu.au,Churchill Avenue,1890,
201-300,University of Tennessee - Knoxville,USA,http://www.utk.edu,"University of Tennessee-Knoxville, 800 Andy Holt Tower, Knoxville, Tennessee 37996-0150, United States of America",1794,
201-300,University of the Witwatersrand,SouthAfrica,http://www.wits.ac.za/,"1 Jan Smuts Avenue, Braamfontein, Johannesburg",1896,
201-300,University of Tsukuba,Japan,http://www.tsukuba.ac.jp/english/,1-1-1 Tennodai,1973,
201-300,University of Turin,Italy,http://www.unito.it,Via Verdi 8,1404,
201-300,University of Ulm,Germany,http://www.uni-ulm.de,Helmholtzstr. 16,1967,
201-300,University of Waterloo,Canada,http://www.uwaterloo.ca,200 University Avenue West,1957,
201-300,University of Wollongong,Australia,http://www.uow.edu.au/,Northfields Avenue,1975,
201-300,University of York,UK,http://www.york.ac.uk/,Heslington,1963,
201-300,Virginia Commonwealth University,USA,http://www.vcu.edu,"Virginia Commonwealth University, PO Box 842527, 901 W. Franklin Street, Richmond, Virginia 23284-2527, United States of America",1837,
201-300,Vrije Universiteit Brussel (VUB),Belgium,http://www.vub.ac.be/en,Pleinlaan 2,1971,
201-300,Western University,Canada,http://www.uwo.ca,1151 Richmond Street,1878,
201-300,Wuhan University,China,http://www.whu.edu.cn,"Luo-jia-shan, Wuchang",1893,
201-300,Xian Jiao Tong University,China,http://www.xjtu.edu.cn,"No.28, Xianning West Road",1896,
201-300,Yeshiva University,USA,http://www.yu.edu,500 West 185 Street,1886,
201-300,Yonsei University,SouthKorea,http://www.yonsei.ac.kr/eng,"50 Yonsei-ro, Seodaemun-gu",1885,
301-400,Autonomous University of Barcelona,Spain,http://Http://www.uab.cat/en,Edifici A. Campus UAB Bellaterra,1968,
301-400,Autonomous University of Madrid,Spain,http://www.uam.es,Ciudad Universidtaria de Cantoblanco. C/ Einstein 3,1968,
301-400,Beihang University,China,http://www.buaa.edu.cn,,,
301-400,Boston College,USA,http://www.bc.edu,"Boston College, 140 Commonwealth Avenue, Chestnut Hill, Massachusetts 02467, United States of America",1863,
301-400,Brandeis University,USA,http://www.brandeis.edu/,415 South Street,1948,
301-400,Brigham Young University,USA,http://www.byu.edu,"Brigham Young University, Provo, Utah 84602-1001, United States of America",1875,
301-400,Capital Medical University,China,http://www.ccmu.edu.cn,"10 Xitoutiao,Youanmen Fengtai",1960年9月,
301-400,Central South University,China,http://www.csu.edu.cn/,长沙市麓山南路932号,,
301-400,Chang Gung University,China-tw,http://www.cgu.edu.tw/bin/home.php?Lang=en,"No.259, Wenhua 1st Rd., Guishan Dist.",1987,
301-400,Chiba University,Japan,http://www.chiba-u.ac.jp/e/,"1-33, Yayoi-cho, Inage-ku,",1949,
301-400,China University of Geosciences (Wuhan),China,http://www.cug.edu.cn,No. 388 Lumo Road,,
301-400,Complutense University of Madrid,Spain,http://www.ucm.es,"Avenida de Séneca, 2",1499,
301-400,Dalhousie University,Canada,http://www.dal.ca,1459 Oxford Street,1818,
301-400,Dalian University of Technology,China,http://www.dlut.edu.cn,No.2 Linggong Road,1949,
301-400,East China University of Science and Technology,China,http://www.ecust.edu.cn,"No. 130, Meilong Road",,
301-400,Eindhoven University of Technology,Netherlands,http://www.tue.nl/en,De Rondom 70,1956,
301-400,ESPCI ParisTech,France,http://www.espci.fr,"10, Rue Vauquelin",1882,
301-400,Federal University of Rio de Janeiro,Brazil,http://www.ufrj.br,Av Pedro Calmon no 550 - Predio da Reitoria - 8o andar - sala 801,1920,
301-400,Griffith University,Australia,http://www.griffith.edu.au,"Kessels Road, Nathan, QLD 4111",1975,
301-400,Hannover Medical School,Germany,http://www.mh-hannover.de,"Medizinische Hochschule Hannover, Carl-Neuberg Strasse 1, 30625 Hannover, Germany",1963,
301-400,Hiroshima University,Japan,http://https://www.hiroshima-u.ac.jp/en,1-3-2 Kagamiyama,1949,
301-400,Hunan University,China,http://www.hnu.edu.cn,Lushan Rd. Yuelu District,1926,
301-400,Indian Institute of Science,India,http://www.iisc.ernet.in,"Indian Institute of Science, Bangalore, Karnataka 560012, India",1909,
301-400,Indiana University-Purdue University at Indianapolis,USA,http://www.iupui.edu,420 University Boulevard,1969,
301-400,James Cook University,Australia,http://jcu.edu.au,1 James Cook Drive,1961,
301-400,Jilin University,China,http://www.jlu.edu.cn,"Jilin University, 1505 Linyuan Road, Changchun, Jilin Province 130012, China",1946,
301-400,Keio University,Japan,http://www.keio.ac.jp,"2-15-45, Mita, Minato-ku",1858,
301-400,La Trobe University,Australia,http://www.latrobe.edu.au,1 Kingsbury Drive,1964,
301-400,Lancaster University,UK,http://www.lancs.ac.uk/,"Lancaster University, Bailrigg, Lancaster, LA1 4YW, United Kingdom",1964,
301-400,Lanzhou University,China,http://www.lzu.edu.cn,"Lanzhou University, 298 Tianshui Road, Lanzhou, Gansu Province 730000, China",1909,
301-400,Laval University,Canada,http://www.ulaval.ca,"2325, rue de l'Université",1852,
301-400,Louisiana State University - Baton Rouge,USA,http://www.lsu.edu,"Louisiana State University and Agricultural and Mechanical College, Baton Rouge, Louisiana 70803-0100, United States of America",1860,
301-400,Nankai University,China,http://www.nankai.edu.cn/index.php,"No.94 Weijin Road, Nankai District",1919,
301-400,National and Kapodistrian University of Athens,Greece,http://www.uoa.gr,"30, PANEPISTIMIOU STR.",1837,
301-400,National Cheng Kung University,China-tw,http://web.ncku.edu.tw/bin/home.php?Lang=en,"No.1, University Road",1931,
301-400,National Chiao Tung University,China-tw,http://www.nctu.edu.tw/,1001 University Road,1958,
301-400,National Tsing Hua University,China-tw,http://www.nthu.edu.tw/,"No. 101, Section 2, Kuang-Fu Road",1911,
301-400,"National University of Ireland, Galway",Ireland,,,,
301-400,Ocean University of China,China,http://www.ouc.edu.cn,"238 Songling Road, Laoshan District",1924,
301-400,Okayama University,Japan,http://www.okayama-u.ac.jp,"Okayama Daigaku, 1-1-1 Tsushima-Naka, Okayama-shi, Okayama 700-8530, Japan",1949,
301-400,Paris Dauphine University (Paris 9),France,http://www.dauphine.fr,Place du Maréchal de Lattre de Tassigny,1969,
301-400,Pohang University of Science and Technology,SouthKorea,http://www.postech.edu,"77 CHEONGAM-RO, Namgu",1986,
301-400,Queen's University Belfast,UK,http://www.qub.ac.uk,University Road,1908,
301-400,Saint Louis University,USA,http://www.slu.edu,"Saint Louis University, 221 North Grand Boulevard, Saint Louis, Missouri 63103-2097, United States of America",1818,
301-400,Saint Petersburg State University,Russia,http://english.spbu.ru/,7-9 Universitetskaya Nab.,1724,
301-400,Shandong University,China,http://www.sdu.edu.cn,"Shandong University, 27 South Shanda Road, Jinan, Shandong 250100, China",1901,
301-400,Swinburne University of Technology,Australia,http://www.swinburne.edu.au/,"John Street, Hawthorn, Victoria",1992,
301-400,Temple University,USA,http://www.temple.edu,1801 North Broad Street,1884,
301-400,The George Washington University,USA,http://www.gwu.edu/,2121 I Street,1821,
301-400,The University of New Mexico - Albuquerque,USA,http://www.unm.edu,"The University of New Mexico, Scholes Hall, Rm. 235, Albuquerque, New Mexico 87131-0001, United States of America",1889,
301-400,"The University of Newcastle, Australia",Australia,http://www.newcastle.edu.au,University Drive,1965,
301-400,The University of Texas Health Science Center at Houston,USA,http://www.uthouston.edu,7000 Fannin Street,1972,
301-400,Tianjin University,China,http://www.tju.edu.cn,Weijin Road No.92,1895,
301-400,Tongji University,China,http://www.tongji.edu.cn,1239 Siping Road,1907,
301-400,Umea University,Sweden,http://www.umu.se,Umeå universitet,1965,
301-400,UNESP,Brazil,http://www.unesp.br,Rua Quirino de Andrade 215 Centro,1976,
301-400,University College Dublin,Ireland,http://www.ucd.ie/,"An Coláiste Ollscoile, Baile Átha Cliath, Dublin, Ireland",1854,
301-400,University of Cape Town,SouthAfrica,http://www.uct.ac.za,"University of Cape Town, Private Bag X3, Rondebosch",1829,
301-400,University of Central Florida,USA,http://www.ucf.edu,4000 Central Florida Blvd.,1963,
301-400,University of Chile,Chile,http://www.uchile.cl,Avenida Libertador Bernardo O´higgins 1058,1842,
301-400,University of Cincinnati,USA,http://www.uc.edu,2600 Clifton Ave,1819,
301-400,University of Colorado at Denver,USA,http://www.cudenver.edu,"University of Colorado at Denver, PO Box 173364, Denver, Colorado 80217-3364, United States of America",1912,
301-400,University of Connecticut,USA,http://uconn.edu,2131 Hillside Road,1881,
301-400,University of Duesseldorf,Germany,http://www.uni-duesseldorf.de,"Heinrich-Heine-Universität Düsseldorf, Universität sstrasse 1, 40225 Düseldorf, North Rhine-Westfalia, Germany",1907,
301-400,University of East Anglia,UK,http://www.uea.ac.uk/,Street/Avenue,1964,
301-400,University of Eastern Finland,Finland,http://www.uef.fi,Yliopistonranta 1,2010,
301-400,University of Florence,Italy,http://www.unifi.it/,"P.zza S.Marco, 4",1321,
301-400,University of Guelph,Canada,http://www.uoguelph.ca,"University of Guelph, 50 Stone Road East, Guelph, Ontario N1G 2W1, Canada",1964,
301-400,University of Halle-Wittenberg,Germany,http://www.uni-halle.de,"Martin-Luther-Universität Halle-Wittenberg, Universität splatz 10, 06099 Halle (Saale), Germany",1502,
301-400,University of Kentucky,USA,http://www.uky.edu,"University of Kentucky, Lexington, Kentucky 40506-0003, United States of America",1865,
301-400,University of Leicester,UK,http://www.le.ac.uk,University Road,1921,
301-400,University of Liege,Belgium,http://www.ulg.ac.be/cms/c_5000/accueil,"Place du 20 Août, 7",1817,
301-400,University of Manitoba,Canada,http://www.umanitoba.ca,"University of Manitoba, 66 Chancellors Circle, Winnipeg, Manitoba R3T 2N2, Canada",1877,
301-400,University of Milan - Bicocca,Italy,http://www.unimib.it,"Piazza dell'Ateneo Nuovo, 1",1998,
301-400,University of Naples Federico II,Italy,http://www.unina.it/,"Università degli Studi di Napoli Federico II, Corso Umberto 1, 80138 NA Napoli, Italy",1224,
301-400,University of North Texas,USA,http://www.unt.edu,1501 West Chestnut,1890,
301-400,University of Otago,NewZealand,http://www.otago.ac.nz,"Leith Street Central, PO Box 54",1869,
301-400,University of Pavia,Italy,http://www.unipv.eu/site/home.html,"Strada Nuova, 65",1361,
301-400,University of Porto,Portugal,http://www.up.pt,Praça Gomes Teixeira,1911,
301-400,University of Roma - Tor Vergata,Italy,http://web.uniroma2.it/,"Università degli Studi di Roma Tor Vergata, Via Orazio Raimondo, 18, 00173 RM Roma, Italy",1982,
301-400,University of Santiago Compostela,Spain,http://www.usc.es/,"Praza do Obradoiro, s/n",1495,
301-400,University of Saskatchewan,Canada,http://www.usask.ca,"University of Saskatchewan, 105 Administration Place, Saskatoon, Saskatchewan S7N 5A2, Canada",1907,
301-400,University of South Carolina - Columbia,USA,http://www.sc.edu/,"University of South Carolina-Columbia, Columbia SC, Columbia, South Carolina 29208-0001, United States of America",1801,
301-400,University of Southern Denmark,Denmark,http://www.sdu.dk,Campusvej 55,1966,
301-400,University of St Andrews,UK,http://www.st-andrews.ac.uk/,College Gate,1413,
301-400,University of Stuttgart,Germany,http://www.uni-stuttgart.de/home/index.en.html,Keplerstr. 7,1829,
301-400,University of Surrey,UK,http://www.surrey.ac.uk,Street/Avenue,1891,
301-400,University of Tartu,Estonia,http://www.ut.ee,Ülikooli 18,1632,
301-400,University of Technology Sydney,Australia,http://www.uts.edu.au,15 Broadway,1988,
301-400,University of Tehran,Iran,http://www.ut.ac.ir/en,Enghelab Avenue,1934,
301-400,University of Toulouse 1,France,http://www.univ-toulouse.fr/,"Toulouse, France",2007,
301-400,University of Twente,Netherlands,http://www.utwente.nl,Drienerlolaan 5,1961,
301-400,University of Vermont,USA,http://www.uvm.edu,"University of Vermont, Burlington, Vermont 05405-0160, United States of America",1791,
301-400,University of Victoria,Canada,http://https://www.uvic.ca/,3800 Finnerty Road,1903,
301-400,University of Warsaw,Poland,http://en.uw.edu.pl/,Krakowskie Przedmiescie 26/28,1816,
301-400,University of Western Sydney,Australia,,,,
301-400,Victoria University of Wellington,NewZealand,http://www.victoria.ac.nz,P O Box 600,1897,
301-400,Virginia Polytechnic Institute and State University,USA,http://www.vt.edu,800 Drillfield Drive,1872,
301-400,Wayne State University,USA,http://www.wayne.edu,656 W Kirby Room 4070,1868,
301-400,Xiamen University,China,http://www.xmu.edu.cn/,South Siming Road,1921,
401-500,Aalto University,Finland,http://www.aalto.fi/en/,"P.O. Box 11000, FI-00076 AALTO",1849,
401-500,Amirkabir University of Technology,Iran,http://aut.ac.ir,,,
401-500,Aristotle University of Thessaloniki,Greece,http://www.auth.gr,UNIVERSITY CAMPUS,1925,
401-500,Bangor University,UK,http://www.bangor.ac.uk,College Road,1884,
401-500,Bar-Ilan University,Israel,http://www.biu.ac.il,"Bar-Ilan University, Ramat-Gan 52100, Israel",1955,
401-500,Ben-Gurion University of the Negev,Israel,http://www.bgu.ac.il,Ben-Gurion Ave.,1964,
401-500,Bielefeld University,Germany,http://www.uni-bielefeld.de/,Universitätsstrasse 25,1969,
401-500,Brunel University,UK,http://www.brunel.ac.uk,Kingston Lane,1957,
401-500,Cairo University,Egypt,http://www.cu.edu.eg,Nahdet Misr Street,1908,
401-500,Catholic University of Chile,Chile,http://www.uc.cl/,Avda. Libertador Bernardo OHiggins 340,1888,
401-500,China Agricultural University,China,http://www.cau.edu.cn,"No.17 Qinghua Donglu, Haidian District",1905,
401-500,Chulalongkorn University,Thailand,http://www.chula.ac.th,"254 Phayathai Road, Pathumwan",1917,
401-500,City University of New York City College,USA,http://www.ccny.cuny.edu,"City University of New York City College, 138 Convent Avenue, New York, N.Y. 10031-9198, United States of America",1847,
401-500,Concordia University,Canada,http://www.concordia.ca/,1455 de Maisonneuve Boulevard West,1974,
401-500,East China Normal University,China,http://www.ecnu.edu.cn,,,
401-500,Ecole Polytechnique,France,http://www.polytechnique.edu/jsp/accueil.jsp?CODE=36392593&LANGUE=1,Route de Saclay,1794,
401-500,Ewha Womans University,SouthKorea,http://www.ewha.ac.kr/,"52, Ewhayeodae-gil, Seodaemun-gu",1886,
401-500,Federal University of Minas Gerais,Brazil,http://www.ufmg.br,Avenida Antônio Carlos 6627,1927,
401-500,Federal University of Rio Grande do Sul,Brazil,http://www.ufrgs.br,"AV. PAULO GAMA, 110",1934,
401-500,Flinders University,Australia,http://www.flinders.edu.au,GPO Box 2100,1966,
401-500,Florida International University,USA,http://www.fiu.edu/,11200 SW 8th Street,1972,
401-500,Gyeongsang National University,SouthKorea,http://www.gnu.ac.kr,900 Gajwa-Dong,,
401-500,Harbin Engineering University,China,http://www.hrbeu.edu.cn,"Room 715 ,Main building No.145 Nantong street",1953,
401-500,Heriot-Watt University,UK,http://www.hw.ac.uk,Riccarton,1966,
401-500,Huazhong Agricultural University,China,http://www.hzau.edu.cn,"No.1,Shizishan Street",,
401-500,Istanbul University,Turkey,http://www.istanbul.edu.tr,Istanbul University Main Campus Beyazit,1453,
401-500,Jagiellonian University,Poland,http://www.uj.edu.pl,Gołębia 24,1364,
401-500,Kaohsiung Medical University,China-tw,http://www2.kmu.edu.tw/index.phtml,"100,Shih-Chuan 1st Road",1954,
401-500,Kent State University,USA,http://www.kent.edu,"Kent State University, PO Box 5190, Kent, Ohio 44242-0001, United States of America",1910,
401-500,King Fahd University of Petroleum & Minerals,SaudiArabia,http://www.kfupm.edu.sa,KFUPM Box 673,1963,
401-500,Kobe University,Japan,http://www.kobe-u.ac.jp/en/,"1-1 Rokkodai-cho, Nada-ku",1902,
401-500,Kyung Hee University,SouthKorea,http://www.kyunghee.edu/,"Kyung Hee University, Seoul, South Korea",1949,
401-500,Kyungpook National University,SouthKorea,http://www.knu.ac.kr/,"Kyungpook National University, 1370 Sangyeok-dong, Buk-gu, Daegu 702-701, Korea, Republic of",1946,
401-500,MINES ParisTech,France,http://www.mines-paristech.eu,"60, boulevard Saint Michel",1783,
401-500,Nanjing Agricultural University,China,http://www.njau.edu.cn,1 Weigang,1902,
401-500,Nanjing Medical University,China,http://www.njmu.edu.cn,hanzhonglu140,1934,
401-500,Nanjing University of Aeronautics and Astronautics,China,,,,
401-500,Nanjing University of Science and Technology,China,http://www.njust.edu.cn,Xiaolingwei 200,1953,
401-500,National Technical University of Athens,Greece,,,,
401-500,New Mexico State University,USA,http://www.nmsu.edu,"New Mexico State University, PO Box 30001, Las Cruces, New Mexico 88003-8001, United States of America",1888,
401-500,Northeastern University (Shenyang),China,http://www.neu.edu.cn,"No. 3-11, Wenhua Road, Heping District",1923,
401-500,Northwest University,China,http://www.nwu.edu.cn,229 North Taibai Ave,1902,
401-500,Novosibirsk State University,Russia,http://www.nsu.ru,Pirogova,1959,
401-500,Oklahoma State University,USA,http://www.okstate.edu,"Oklahoma State University, Main Campus, 107 Whitehurst Hall, Stillwater, Oklahoma 74078-0004, United States of America",1890,
401-500,Osaka City University,Japan,http://www.osaka-cu.ac.jp/,3-3-138 Sugimoto Sumiyoshi-ku,1880,
401-500,Peking Union Medical College,China,http://www.cams.ac.cn,,,
401-500,Polytechnic University of Valencia,Spain,http://www.upv.es,"Camino de Vera, s/n",1968,
401-500,RMIT University,Australia,http://www.rmit.edu.au,124 La Trobe Street,1887,
401-500,Rush University,USA,http://www.rushu.rush.edu/,,,
401-500,Simon Fraser University,Canada,http://www.sfu.ca,"Simon Fraser University, 8888 University Drive, Burnaby, British Columbia V5A 1S6, Canada",1963,
401-500,St George's Hospital Medical School,UK,,,,
401-500,Stellenbosch University,SouthAfrica,http://www.sun.ac.za,Victoria Street,1917,
401-500,Stockholm School of Economics,Sweden,http://www.hhs.se/,"Handelshögskolan i Stockholm, Box 6501, SE-113 83 Stockholm, Sweden",1909,
401-500,Technical University Darmstadt,Germany,http://www.tu-darmstadt.de/,Karolinenplatz 5,1877,
401-500,Technical University of Berlin,Germany,http://www.tu-berlin.de,"Technische Universität Berlin, Strasse des 17. Juni 135, 10623 Berlin, Germany",1799,
401-500,The University of Texas at Arlington,USA,,,,
401-500,The University of Texas Medical Branch at Galveston,USA,http://www.utmb.edu,"The University of Texas Medical Branch at Galveston, 301 University Boulevard, Galveston, Texas 77555-0100, United States of America",1891,
401-500,The University of Tokushima,Japan,http://www.tokushima-u.ac.jp/english/,"2-24, Shinkura-cho",1949,
401-500,Thomas Jefferson University,USA,http://www.tju.edu,"Thomas Jefferson University, 1020 Walnut Street, Philadelphia, Pennsylvania 19107, United States of America",1824,
401-500,Tokyo University of Science,Japan,http://www.tus.ac.jp/en/,"1-3 Kagurazaka, Shinjuku-ku",1881,
401-500,Ulsan National Institute of Science and Technology,SouthKorea,,,,
401-500,Universitat Jaume I,Spain,,,,
401-500,University at Albany (State University of New York),USA,http://www.albany.edu,1400 Washington Avenue,1844,
401-500,University of Aveiro,Portugal,http://www.ua.pt,Campus Universitário de Santiago,1973,
401-500,University of Bayreuth,Germany,http://www.uni-bayreuth.de/en,Universitaetsstrasse 30,1975,
401-500,University of Bremen,Germany,http://www.uni-bremen.de/en.html,Bibliothekstraße 1,1971,
401-500,University of Campinas,Brazil,http://www.unicamp.br/,Cidade Universitária Zeferino Vaz,1966,
401-500,University of Canterbury,NewZealand,http://www.canterbury.ac.nz,Kirkwood Avenue,1873,
401-500,University of Coimbra,Portugal,http://www.uc.pt,Paço das Escolas,1290,
401-500,University of Ferrara,Italy,http://www.unife.it,"Via Ariosto, 35",1391,
401-500,University of Fribourg,Switzerland,http://www.unifr.ch,Av. de l'Europe 20,1889,
401-500,University of Hannover,Germany,http://www.uni-hannover.de,Welfengarten 1,1831,
401-500,University of Iceland,Iceland,http://www.hi.is/en/introduction,Saemundargata 2,1911,
401-500,University of Johannesburg,SouthAfrica,http://www.uj.ac.za/,"Corner Kingsway Avenue and University Road, Auckland Park Kingsway Campus, Auckland Park, Johannesburg",2005,
401-500,University of Konstanz,Germany,http://www.uni-konstanz.de,Universitätsstr. 10,1966,
401-500,University of KwaZulu-Natal,SouthAfrica,http://www.ukzn.ac.za,University Road/Drive,2004,
401-500,University of Ljubljana,Slovenia,http://www.uni-lj.si/,Kongresni trg 12,1595,
401-500,University of Malaya,Malaysia,http://www.um.edu.my,,,
401-500,University of Marburg,Germany,http://www.uni-marburg.de,"Philipps-Universität Marburg 'Philip's University, Marburg, Biegenstrasse 10, 35032 Marburg/Lahn, Germany",1527,
401-500,University of Minho,Portugal,http://www.uminho.pt,Largo do Paco,1973,
401-500,University of Montana - Missoula,USA,http://www.umt.edu,32 Campus Drive,1893,
401-500,University of New Hampshire - Durham,USA,http://www.unh.edu,"University of New Hampshire, Durham, New Hampshire 03824, United States of America",1866,
401-500,University of Nice Sophia Antipolis,France,http://unice.fr,"Université Nice Sophia Antipolis, Grand Ch鈚eau, 28 avenue Valrose - BP 2135, 06103 Nice cedex 2, France",1965,
401-500,University of Oklahoma - Norman,USA,http://www.ou.edu/,660 Parrington Oval,1890,
401-500,University of Oulu,Finland,http://www.oulu.fi/university/,"Pentti Kaiteran katu 1, Linnanmaa",1958,
401-500,University of Palermo,Italy,http://www.unipa.it,"Università degli Studi di Palermo, Palazzo Teri-Plazza Marina 61, 90134 Palermo, PA, Italy",1779,
401-500,University of Potsdam,Germany,,,,
401-500,University of Regensburg,Germany,http://www.uni-regensburg.de,"Universität Regensburg, Universität sstrasse 31, 93053 Regensburg, Germany",1962,
401-500,University of Rostock,Germany,http://www.uni-rostock.de/,"Universität Rostock, Universität splatz 1, 18051 Rostock, Germany",1419,
401-500,"University of Science, Malaysia",Malaysia,,,,
401-500,University of the Basque Country,Spain,http://www.ehu.es,"Barrio Sarriena, s/n",1980,
401-500,University of Trieste,Italy,http://www.units.it,Piazzale Europa 1,1924,
401-500,University of Turku,Finland,http://www.utu.fi,Yliopistonmäki,1920,
401-500,University of Valencia,Spain,http://www.uv.es,"Av. Blasco Ibáñez, 13",1499,
401-500,University of Wyoming,USA,http://www.uwyo.edu,"University of Wyoming, Box 3434, University Station, Laramie, Wyoming 82071-3434, United States of America",1886,
401-500,Vienna University of Technology,Austria,http://www.tuwien.ac.at,Karlsplatz 13,1815,
401-500,Vita-Salute San Raffaele University,Italy,,,,
401-500,Washington State University,USA,http://https://www.wsu.edu/,PO Box 641227,1890,
401-500,West Virginia University,USA,http://www.wvu.edu,1500 University Avenue,1867,
401-500,Wuhan University of Technology,China,http://www.whut.edu.cn/,"122, Luoshi Road",1948,
